player_name,player_id,year,xwoba,xba,xslg,xiso,xobp,brl,brl_percent,exit_velocity,hard_hit_percent,k_percent,bb_percent,whiff_percent,xera,fb_velocity,fb_spin,curve_spin
Luis Severino,622663,2022,84,86,83,71,86,47,57,25,18,79,54,67,84,80,61,
Joe Mantiply,573009,2022,76,43,57,71,86,92,94,89,53,66,100,72,76,14,37,30
Paul Sewald,623149,2022,92,93,87,64,90,58,16,91,82,86,54,93,92,35,95,
Tucker Davidson,656353,2022,13,33,50,65,1,82,83,22,32,2,1,25,13,43,8,48
Andrew Chafin,605177,2022,84,86,86,78,83,62,30,73,81,78,49,87,84,23,21,
Joe Musgrove,605397,2022,75,66,69,69,76,21,74,90,88,65,82,51,75,25,98,81
Martín Pérez,527048,2022,61,45,73,87,43,32,92,56,73,35,43,15,61,23,15,53
Michael Grove,675627,2022,,,,,,,,,,,,,,64,35,62
Tyler Duffey,608648,2022,,,,,,,,,,,,,,33,68,46
Garrett Richards,572070,2022,,,,,,,,,,,,,,64,68,
Carlos Hernández,672578,2022,8,9,11,15,4,51,36,45,48,1,7,30,8,91,80,23
Jhoan Duran,661395,2022,98,94,98,97,96,92,90,56,72,96,79,94,98,100,31,77
Domingo Acevedo,642758,2022,68,53,54,54,65,58,46,85,86,42,72,86,68,42,20,
Jimmy Herget,623474,2022,84,74,75,68,86,68,66,59,64,57,83,49,84,14,52,82
Luis Cessa,570666,2022,26,29,19,16,36,36,17,18,14,15,46,21,26,50,50,
Aaron Fletcher,667465,2022,,,,,,,,,,,,,,16,62,
Dylan Coleman,669395,2022,53,80,77,65,24,68,57,90,61,64,3,86,53,95,93,
Tanner Scott,656945,2022,35,67,85,89,3,87,80,93,87,91,1,96,35,92,98,
José Suarez,660761,2022,57,54,46,40,63,26,30,45,48,45,59,41,57,35,34,78
Zach Thompson,605507,2022,9,4,13,26,9,30,68,55,31,11,40,35,9,8,91,20
José Urquidy,664353,2022,21,24,10,6,50,2,16,18,25,27,83,24,21,42,45,72
Anthony Bender,669622,2022,,,,,,,,,,,,,,96,47,
Archie Bradley,605151,2022,,,,,,,,,,,,,,48,24,3
Daniel Castano,641447,2022,,,,,,,,,,,,,,3,75,
Andrew Bellatti,571479,2022,58,83,63,38,59,51,1,55,69,96,10,97,58,64,92,
Joe Jiménez,641729,2022,85,74,74,65,92,72,39,47,31,95,83,82,85,81,94,
Tyler Alexander,641302,2022,5,4,1,3,24,9,4,39,51,4,81,1,5,4,57,
Nick Pivetta,601713,2022,18,36,17,11,27,2,19,5,5,48,28,29,18,48,68,80
Dustin May,669160,2022,,,,,,,,,,,,,,87,82,100
Tyler Danish,641501,2022,,,,,,,,,,,,,,17,1,39
Reynaldo López,625643,2022,84,60,84,91,87,82,84,25,36,64,95,72,84,93,52,52
Reed Garrett,657585,2022,,,,,,,,,,,,,,60,61,
Dusten Knight,643400,2022,,,,,,,,,,,,,,2,47,
Luis Patiño,672715,2022,,,,,,,,,,,,,,64,44,
Drey Jameson,686753,2022,,,,,,,,,,,,,,75,31,
Tommy Nance,667297,2022,,,,,,,,,,,,,,58,74,92
Amir Garrett,607237,2022,,,,,,,,,,,,,,60,44,
Trevor Megill,656730,2022,,,,,,,,,,,,,,97,92,85
Daniel Lynch,663738,2022,10,6,11,18,11,10,24,2,1,32,38,50,10,58,21,6
Zac Gallen,668678,2022,78,78,76,68,80,11,39,65,64,74,68,26,78,43,90,53
Andrew Kittredge,552640,2022,,,,,,,,,,,,,,71,87,
Sam Selman,572125,2022,,,,,,,,,,,,,,8,33,
Jhoulys Chacín,468504,2022,17,26,18,16,19,62,33,18,20,13,25,13,17,39,70,63
Brooks Raley,548384,2022,88,83,94,97,77,99,99,85,98,80,63,67,88,8,89,
Matthew Festa,670036,2022,56,69,49,31,65,78,46,78,94,85,45,82,56,36,74,
Josh Hader,623352,2022,64,90,63,27,69,62,4,69,63,98,25,97,64,95,8,
Noah Syndergaard,592789,2022,26,15,23,34,43,13,39,80,79,12,86,11,26,55,22,9
Max Scherzer,453286,2022,87,87,78,56,95,21,30,65,81,89,96,83,87,45,85,86
JT Brubaker,664141,2022,21,23,28,33,22,16,43,22,22,49,43,62,21,43,58,88
Kevin Gausman,592332,2022,71,45,50,54,85,7,35,35,45,83,97,75,71,73,58,
Anthony Misiewicz,664948,2022,,,,,,,,,,,,,,17,63,90
Johan Oviedo,670912,2022,78,82,86,83,66,78,70,77,52,45,27,43,78,85,60,45
Taylor Hearn,621368,2022,14,15,23,35,13,21,11,23,29,41,25,23,14,64,64,
Pablo López,641154,2022,55,49,51,54,57,3,19,63,71,55,57,69,55,37,32,50
Matt Peacock,676840,2022,,,,,,,,,,,,,,41,2,
Anthony Gose,543238,2022,,,,,,,,,,,,,,93,51,
Derek Law,571882,2022,,,,,,,,,,,,,,29,56,
Garrett Cleavinger,664076,2022,,,,,,,,,,,,,,81,69,
Tyler Matzek,554431,2022,,,,,,,,,,,,,,60,92,
Aaron Sanchez,592717,2022,23,5,25,52,20,68,75,1,1,7,82,4,23,32,23,73
José Ruiz,614179,2022,30,60,33,18,29,58,29,32,2,69,4,74,30,92,78,24
Justin Verlander,434378,2022,91,83,82,72,97,24,69,65,74,80,94,37,91,73,90,75
Dylan Cease,656302,2022,90,96,93,85,84,26,70,84,93,88,16,91,90,91,96,79
Robert Dugger,667498,2022,,,,,,,,,,,,,,8,16,19
Mauricio Llovera,661440,2022,,,,,,,,,,,,,,78,19,
Phillips Valdez,570488,2022,,,,,,,,,,,,,,60,83,
Steven Matz,571927,2022,58,29,52,74,62,62,18,52,64,70,91,65,58,66,56,32
Seranthony Domínguez,622554,2022,70,76,79,74,59,78,35,10,5,86,14,89,70,96,75,
JP Sears,676664,2022,24,21,20,23,29,44,19,7,12,17,48,10,24,45,28,
John Brebbia,605154,2022,66,52,46,44,73,58,66,65,45,23,75,29,66,64,68,
Nathan Eovaldi,543135,2022,30,21,11,9,67,11,6,18,6,46,95,48,30,70,34,5
Sean Hjelle,663546,2022,,,,,,,,,,,,,,55,5,1
Garrett Whitlock,676477,2022,78,61,58,53,88,49,36,41,41,72,91,75,78,77,27,
Glenn Otto,657248,2022,11,37,21,15,10,11,22,35,49,20,14,27,11,32,52,45
Kris Bubic,663460,2022,3,2,9,22,1,18,39,13,7,22,13,17,3,26,23,69
Aaron Brooks,605156,2022,,,,,,,,,,,,,,45,11,
JT Chargois,608638,2022,,,,,,,,,,,,,,89,46,
J.P. Feyereisen,656420,2022,,,,,,,,,,,,,,32,76,
Albert Abreu,656061,2022,,,,,,,,,,,,,,98,38,
Daulton Jefferies,641726,2022,,,,,,,,,,,,,,23,17,32
Félix Bautista,642585,2022,91,94,92,85,89,68,29,84,60,97,32,92,91,99,76,
Keynan Middleton,641871,2022,,,,,,,,,,,,,,74,80,
Luis Ortiz,682847,2022,,,,,,,,,,,,,,98,80,
Ryne Nelson,669194,2022,,,,,,,,,,,,,,71,40,
Tommy Milone,543548,2022,,,,,,,,,,,,,,1,41,
Justin Dunn,643290,2022,,,,,,,,,,,,,,29,46,31
Louis Head,545343,2022,,,,,,,,,,,,,,52,32,
Lance McCullers Jr.,621121,2022,,,,,,,,,,,,,,26,42,97
Michael Fulmer,605242,2022,53,53,66,75,24,87,91,55,61,45,20,71,53,63,52,
Ryan Pepiot,686752,2022,,,,,,,,,,,,,,56,88,
Ryan Yarbrough,642232,2022,27,33,29,28,32,44,48,97,94,15,77,23,27,1,5,11
Carlos Rodón,607074,2022,92,90,89,84,92,26,66,35,30,95,55,86,92,80,77,44
Shane Bieber,669456,2022,64,41,45,52,78,7,50,15,14,65,93,78,64,9,66,14
Matthew Liberatore,669461,2022,,,,,,,,,,,,,,48,15,84
Reyes Moronta,606625,2022,,,,,,,,,,,,,,77,77,
Ian Gibaut,664139,2022,,,,,,,,,,,,,,70,66,
Joel Payamps,606303,2022,50,43,39,39,57,58,41,35,12,13,68,26,50,68,78,
Drew Smyly,592767,2022,35,35,26,23,57,24,27,85,69,32,82,55,35,20,24,8
Spencer Strider,675911,2022,96,97,96,90,94,49,73,61,66,99,40,95,96,97,76,
Johnny Cueto,456501,2022,41,16,31,47,52,10,48,69,67,8,88,3,41,11,29,
Kyle Crick,605195,2022,,,,,,,,,,,,,,32,29,
Jhonathan Diaz,646242,2022,,,,,,,,,,,,,,11,24,
Hayden Wesneski,669713,2022,,,,,,,,,,,,,,25,29,
Austin Davis,656354,2022,20,49,55,61,7,68,46,89,95,61,4,58,20,58,51,
David Robertson,502085,2022,81,97,91,69,64,72,43,47,42,90,1,90,81,42,99,75
Clayton Kershaw,477132,2022,95,79,90,93,95,58,93,80,84,80,93,72,95,15,88,34
Ian Anderson,666120,2022,28,27,47,65,15,39,70,31,27,27,11,70,28,58,2,1
Ranger Suárez,624133,2022,53,46,57,68,43,18,60,73,73,26,36,17,53,33,1,17
Chase Anderson,502624,2022,,,,,,,,,,,,,,22,43,
Erik Swanson,657024,2022,97,88,94,95,97,87,68,98,96,96,89,75,97,52,63,
Rony García,665621,2022,1,4,1,1,15,36,1,1,1,52,75,19,1,39,70,30
Devin Smeltzer,656970,2022,29,33,15,11,55,51,56,41,37,3,68,5,29,4,54,60
Josh Winder,680739,2022,8,12,8,10,20,38,8,32,44,10,75,21,8,58,9,11
Steve Cishek,518553,2022,21,55,40,28,13,55,26,77,59,69,28,56,21,8,73,
Reid Detmers,672282,2022,40,43,45,48,34,23,36,28,45,48,40,49,40,45,18,48
Brandon Woodruff,605540,2022,79,79,70,56,84,26,52,41,54,89,63,85,79,87,73,51
Seth Martinez,661527,2022,,,,,,,,,,,,,,19,38,
Michael Rucker,621074,2022,58,59,53,46,61,62,33,16,47,42,38,54,58,70,60,55
Scott Effross,664123,2022,95,85,91,90,91,95,94,77,56,76,68,34,95,12,45,
Joan Adon,672851,2022,1,8,6,9,1,39,9,28,58,17,3,1,1,73,36,21
Andrew Heaney,571760,2022,69,86,54,21,81,44,4,2,1,97,78,96,69,42,92,
Tyler Wells,669330,2022,53,59,32,18,75,32,38,55,39,19,68,46,53,50,93,73
Zack Greinke,425844,2022,15,3,14,33,31,16,60,39,31,1,93,2,15,4,66,41
Cristian Javier,664299,2022,96,98,95,77,96,34,50,52,82,94,34,82,96,55,79,92
Scott Alexander,518397,2022,,,,,,,,,,,,,,32,34,
Alex Cobb,502171,2022,79,53,83,94,68,51,96,31,23,59,63,43,79,71,16,70
Yennier Cano,666974,2022,,,,,,,,,,,,,,77,47,
Daniel Hudson,543339,2022,,,,,,,,,,,,,,92,88,
Jacob Barnes,606930,2022,,,,,,,,,,,,,,33,81,
Connor Seabold,657756,2022,,,,,,,,,,,,,,29,20,
Humberto Castellanos,528748,2022,,,,,,,,,,,,,,11,11,37
Génesis Cabrera,650893,2022,,,,,,,,,,,,,,85,44,36
Anthony Bass,542914,2022,83,72,80,78,81,72,74,71,83,73,55,88,83,77,7,
Michael Wacha,608379,2022,21,27,13,8,50,11,14,56,70,31,79,12,21,25,16,12
Dakota Hudson,641712,2022,11,7,30,61,1,26,74,35,28,1,17,3,11,24,17,39
Logan Webb,657277,2022,61,37,60,80,59,20,78,39,41,35,77,35,61,26,1,
Mike Baumann,657508,2022,,,,,,,,,,,,,,83,39,16
Dinelson Lamet,659275,2022,,,,,,,,,,,,,,78,87,
Cole Sulser,642121,2022,,,,,,,,,,,,,,26,48,
Tanner Banks,621383,2022,39,32,46,63,34,72,46,59,24,48,44,8,39,41,60,
Jorge López,605347,2022,71,80,85,84,41,82,88,77,86,61,16,39,71,95,7,43
Domingo Germán,593334,2022,53,52,43,38,63,55,57,25,26,26,72,39,53,37,97,71
Sean Poppen,664092,2022,,,,,,,,,,,,,,68,16,
Jandel Gustave,594311,2022,,,,,,,,,,,,,,84,86,
Devin Williams,642207,2022,99,100,100,100,90,100,100,99,99,99,4,99,99,45,62,
Brandon Hughes,676714,2022,50,74,40,16,47,51,4,41,47,83,30,91,50,45,67,
Jason Alexander,669920,2022,4,3,11,25,4,41,33,12,10,4,38,2,4,34,13,
Rich Hill,448179,2022,39,47,29,20,60,20,33,56,79,35,60,21,39,2,55,74
Zack Wheeler,554430,2022,80,65,75,78,80,20,41,94,76,74,83,46,80,83,76,76
Charlie Morton,450203,2022,37,61,43,28,40,5,15,28,17,82,38,74,37,53,81,98
Jameson Taillon,592791,2022,34,19,17,20,62,3,31,49,64,35,94,26,34,48,85,83
Matt Manning,666159,2022,43,24,34,46,46,68,70,32,60,21,57,25,43,45,10,23
Jordan Hicks,663855,2022,46,78,82,77,15,72,56,83,89,60,1,35,46,99,10,
Ryan Brasier,518489,2022,44,35,16,11,73,51,27,5,3,62,89,48,44,84,57,
Garrett Hill,682051,2022,2,11,4,5,1,47,15,41,32,6,11,9,2,26,26,74
Héctor Neris,593576,2022,74,74,72,62,75,72,60,18,8,87,70,82,74,64,89,
Gregory Soto,642397,2022,39,69,73,72,11,78,70,1,13,49,2,53,39,98,82,
Keegan Akin,669211,2022,60,45,50,54,69,55,66,65,55,53,78,54,60,50,54,
Aroldis Chapman,547973,2022,,,,,,,,,,,,,,96,81,
Elvin Rodriguez,660730,2022,,,,,,,,,,,,,,43,89,56
Tommy Henry,674072,2022,12,29,16,15,13,62,19,13,36,15,17,28,12,23,36,34
Camilo Doval,666808,2022,85,89,95,96,66,87,89,94,62,81,15,83,85,99,96,
Manuel Rodríguez,655889,2022,,,,,,,,,,,,,,81,31,
Phoenix Sanders,676637,2022,,,,,,,,,,,,,,7,14,
Kervin Castro,665645,2022,,,,,,,,,,,,,,28,82,10
Chasen Shreve,592741,2022,,,,,,,,,,,,,,15,75,
Cody Poteet,547001,2022,,,,,,,,,,,,,,68,64,
MacKenzie Gore,669022,2022,8,20,17,19,4,44,12,4,6,52,6,35,8,70,48,25
James Norwood,656803,2022,,,,,,,,,,,,,,90,26,
Anderson Espinoza,659262,2022,,,,,,,,,,,,,,55,1,
Chad Smith,663385,2022,,,,,,,,,,,,,,80,58,
Max Castillo,666721,2022,,,,,,,,,,,,,,42,38,
Joe Kelly,523260,2022,,,,,,,,,,,,,,96,34,91
Lucas Luetge,476595,2022,63,41,70,88,46,82,81,97,100,59,63,64,63,3,99,40
Paul Blackburn,621112,2022,36,20,34,50,40,34,56,56,27,25,72,30,36,12,31,68
Corey Knebel,608349,2022,,,,,,,,,,,,,,80,81,89
Matt Foster,641582,2022,,,,,,,,,,,,,,53,50,10
Tim Mayza,641835,2022,,,,,,,,,,,,,,53,9,
Matt Strahm,621381,2022,,,,,,,,,,,,,,60,63,78
Ty Blach,621389,2022,,,,,,,,,,,,,,8,45,33
Emilio Pagán,641941,2022,46,63,36,20,55,51,11,22,8,90,27,84,46,41,94,
Taylor Rogers,573124,2022,37,54,41,32,34,58,24,47,26,90,61,84,37,63,31,
Walker Buehler,621111,2022,31,21,25,28,45,62,63,63,18,39,77,43,31,53,70,77
José Ureña,570632,2022,11,10,19,33,10,38,60,56,45,4,22,8,11,81,36,
Marco Gonzales,594835,2022,20,13,15,22,33,3,50,85,72,1,72,5,20,3,7,7
Brandon Bielak,656232,2022,,,,,,,,,,,,,,47,75,
Angel De Jesus,669804,2022,,,,,,,,,,,,,,63,43,
Touki Toussaint,657053,2022,,,,,,,,,,,,,,29,42,38
Kohei Arihara,685503,2022,,,,,,,,,,,,,,8,18,
Joely Rodríguez,570257,2022,60,61,84,91,27,97,95,96,91,72,6,74,60,39,4,
Cory Abbott,676265,2022,26,89,24,2,41,49,3,8,13,37,8,57,26,21,54,25
Jakob Junis,596001,2022,35,18,27,37,49,30,46,39,48,33,88,18,35,24,39,
Shane McClanahan,663556,2022,88,83,81,69,93,30,68,71,88,87,82,94,88,90,47,72
Patrick Corbin,571578,2022,1,1,1,2,3,1,4,4,7,19,61,12,1,36,15,
Hunter Brown,686613,2022,,,,,,,,,,,,,,89,57,47
James Karinchak,675916,2022,,,,,,,,,,,,,,75,77,35
Dauri Moreta,664294,2022,,,,,,,,,,,,,,84,58,
Jacob deGrom,594798,2022,98,96,81,39,100,68,17,28,91,100,99,99,98,99,97,
Ryan Helsley,664854,2022,99,99,97,74,99,72,24,41,37,99,43,97,99,100,99,57
Bruce Zimmermann,669145,2022,1,1,1,1,19,13,1,3,15,6,98,6,1,15,73,37
Jordan Montgomery,656756,2022,43,21,35,49,55,10,52,49,54,42,89,64,43,37,53,21
Miles Mikolas,571945,2022,48,32,35,44,65,5,57,65,66,24,91,5,48,47,58,60
Sandy Alcantara,645261,2022,84,75,82,80,87,16,81,65,45,53,83,50,84,96,51,
Miguel Castro,612434,2022,,,,,,,,,,,,,,96,22,
Jonathan Hernández,642546,2022,,,,,,,,,,,,,,97,48,
Sam Long,669674,2022,,,,,,,,,,,,,,68,40,55
Jharel Cotton,605194,2022,,,,,,,,,,,,,,37,57,
Ryan Pressly,519151,2022,,,,,,,,,,,,,,66,97,100
Ryan Thompson,657044,2022,,,,,,,,,,,,,,12,8,
Ron Marinaccio,676760,2022,,,,,,,,,,,,,,68,71,
Andres Machado,600921,2022,7,9,12,16,6,51,27,23,15,15,17,34,7,77,13,
Roansy Contreras,672710,2022,26,47,18,9,37,20,4,12,4,38,25,64,26,80,85,82
Zach Davies,605200,2022,21,34,18,15,32,16,36,75,76,18,32,17,21,8,16,66
Justus Sheffield,656954,2022,,,,,,,,,,,,,,24,5,
Yoan López,661255,2022,,,,,,,,,,,,,,84,29,
Andrew Wantz,681806,2022,48,73,52,31,49,58,6,65,73,68,17,88,48,33,89,
Jeurys Familia,544727,2022,12,13,25,39,6,58,8,4,3,29,13,61,12,77,45,
Josh Fleming,676596,2022,,,,,,,,,,,,,,9,1,1
Jimmy Lambert,669424,2022,81,90,90,87,64,95,90,87,89,45,6,54,81,63,43,67
Tyler Beede,595881,2022,13,12,29,52,4,72,83,45,15,2,17,12,13,81,18,4
Kendall Graveman,608665,2022,64,49,79,92,37,87,93,59,75,51,32,62,64,89,56,
Braxton Garrett,666129,2022,40,37,43,50,37,47,50,25,45,60,72,59,40,20,41,26
David Peterson,656849,2022,45,57,61,63,27,39,41,18,21,80,14,81,45,52,15,27
Adrian Houser,605288,2022,11,9,22,40,8,44,77,45,20,6,20,1,11,56,20,3
Yusei Kikuchi,579328,2022,3,37,7,2,3,8,1,1,1,77,3,85,3,68,59,
Blake Snell,605483,2022,77,83,79,64,73,36,46,12,32,92,27,90,77,83,91,26
Framber Valdez,664285,2022,71,63,82,88,59,18,75,16,18,54,46,52,71,29,61,90
Elvis Peguero,665625,2022,,,,,,,,,,,,,,89,6,
Jake Reed,596082,2022,,,,,,,,,,,,,,23,28,
Gabe Speier,642100,2022,,,,,,,,,,,,,,53,10,
Bailey Ober,641927,2022,17,18,6,4,55,44,3,12,61,47,91,66,17,22,66,19
Alex Vesia,681911,2022,88,93,92,87,78,87,63,82,77,97,14,92,88,60,72,
Bryce Elder,693821,2022,32,43,44,47,23,82,75,56,77,35,20,32,32,15,9,
José Quijada,650671,2022,,,,,,,,,,,,,,66,41,
Lou Trivino,642152,2022,28,29,41,53,16,72,52,45,2,74,25,67,28,72,13,
Jalen Beeks,656222,2022,57,67,53,37,62,62,31,85,57,81,36,85,57,71,22,
Jonathan Heasley,669169,2022,6,12,8,10,7,18,16,10,6,6,20,8,6,47,71,70
Mitch Keller,656605,2022,33,29,47,64,20,13,52,63,56,29,38,17,33,74,87,64
Jake Fishman,670288,2022,,,,,,,,,,,,,,2,5,
Jackson Tetreault,676194,2022,,,,,,,,,,,,,,24,8,
Luis Perdomo,606131,2022,,,,,,,,,,,,,,55,5,
Bennett Sousa,656986,2022,,,,,,,,,,,,,,58,11,
Tony Santillan,663574,2022,,,,,,,,,,,,,,87,41,
Bailey Falter,663559,2022,19,18,9,7,46,39,31,35,45,39,89,33,19,20,1,9
Madison Bumgarner,518516,2022,3,7,2,3,16,1,11,8,13,9,60,4,3,7,52,27
Lucas Giolito,608337,2022,33,35,37,43,34,13,44,41,41,67,38,71,33,36,32,30
Germán Márquez,608566,2022,24,24,22,23,32,7,52,7,2,25,46,26,24,78,22,65
Ryan Weber,543901,2022,,,,,,,,,,,,,,6,12,
Blake Taylor,642130,2022,,,,,,,,,,,,,,36,77,
Logan Gillaspie,670810,2022,,,,,,,,,,,,,,75,28,
Jacob Lemoine,621082,2022,,,,,,,,,,,,,,43,13,
Peter Strzelecki,657265,2022,,,,,,,,,,,,,,50,89,
Oliver Ortega,661383,2022,,,,,,,,,,,,,,84,64,29
Enyel De Los Santos,660853,2022,46,53,35,25,55,62,14,6,6,83,48,79,46,77,53,
Noé Ramirez,598287,2022,35,73,39,16,27,68,22,65,59,57,6,65,35,9,37,55
Alex Colomé,517008,2022,2,1,3,7,1,51,9,10,3,5,17,10,2,22,27,
Patrick Sandoval,663776,2022,46,40,63,82,29,34,76,77,79,57,28,76,46,45,6,87
Julian Merryweather,657240,2022,,,,,,,,,,,,,,94,62,
Miguel Yajure,664337,2022,,,,,,,,,,,,,,34,66,77
Vince Velasquez,592826,2022,18,43,8,3,49,23,1,1,10,41,49,45,18,42,86,31
Tyler Rogers,643511,2022,70,47,82,95,50,82,96,100,87,7,57,7,70,1,2,
Nick Lodolo,666157,2022,44,75,62,45,32,36,18,45,26,87,36,81,44,63,72,83
Casey Mize,663554,2022,,,,,,,,,,,,,,48,3,
Luis Frías,666818,2022,,,,,,,,,,,,,,92,47,
Domingo Tapia,593619,2022,,,,,,,,,,,,,,95,40,
Jose Cuas,621016,2022,,,,,,,,,,,,,,43,94,
Nick Sandlin,680704,2022,,,,,,,,,,,,,,50,43,
Bryan Shaw,543766,2022,17,21,23,27,12,68,62,4,10,28,22,19,17,41,84,18
Will Smith,519293,2022,63,66,66,62,50,78,75,39,21,65,25,84,63,29,34,1
Paolo Espino,502179,2022,15,10,5,5,46,23,38,28,22,23,89,17,15,4,46,97
Zach Plesac,668676,2022,8,5,4,6,19,6,14,23,20,15,65,21,8,26,27,13
Justin Grimm,518748,2022,,,,,,,,,,,,,,36,20,19
Caleb Ferguson,657571,2022,,,,,,,,,,,,,,71,70,99
Jonathan Loáisiga,642528,2022,68,41,82,97,37,99,99,100,97,20,28,53,68,97,70,71
Taylor Clarke,664199,2022,79,59,54,49,90,82,70,23,41,55,97,48,79,80,59,
Hunter Strickland,519326,2022,5,27,13,7,3,47,11,16,51,38,8,69,5,72,75,
Kirk McCarty,668948,2022,,,,,,,,,,,,,,14,80,81
Eric Lauer,641778,2022,41,47,39,36,43,12,36,41,50,58,34,37,41,32,62,36
Josh Rogers,642028,2022,,,,,,,,,,,,,,12,18,
Hyun Jin Ryu,547943,2022,,,,,,,,,,,,,,4,3,56
Tony Gonsolin,664062,2022,80,71,76,74,78,44,77,35,72,59,60,61,80,43,72,63
José Berríos,621244,2022,9,8,5,9,23,1,15,13,11,28,79,15,9,56,35,24
Andre Jackson,656578,2022,,,,,,,,,,,,,,74,38,
Alec Mills,621219,2022,,,,,,,,,,,,,,4,36,
Jesus Tinoco,622786,2022,,,,,,,,,,,,,,85,77,
Bryan Garcia,650530,2022,,,,,,,,,,,,,,41,20,
Junior Fernández,658551,2022,,,,,,,,,,,,,,98,16,
Wily Peralta,503449,2022,,,,,,,,,,,,,,78,1,
Daniel Norris,596057,2022,24,61,39,24,16,51,6,32,27,73,11,87,24,19,74,
Drew Steckenrider,608716,2022,,,,,,,,,,,,,,60,65,
Zack Thompson,668868,2022,,,,,,,,,,,,,,60,8,88
Robert Suarez,663158,2022,,,,,,,,,,,,,,94,61,
Justin Lawrence,664875,2022,,,,,,,,,,,,,,74,62,
Brent Suter,608718,2022,56,45,65,80,41,72,76,95,96,26,46,60,56,1,25,
Collin McHugh,543521,2022,81,67,76,78,81,82,84,87,92,78,88,61,81,6,96,
David Phelps,475479,2022,46,57,73,81,20,82,83,52,75,54,9,8,46,26,79,57
Penn Murfee,682171,2022,92,89,88,80,92,82,84,95,97,80,68,45,92,6,50,
Hoby Milner,571948,2022,69,53,75,86,63,95,97,97,83,54,86,29,69,6,6,1
Seth Lugo,607625,2022,68,57,57,54,69,55,33,49,86,67,68,28,68,64,60,99
Will Vest,676684,2022,41,47,49,50,43,62,52,65,10,51,46,32,41,74,14,
Erasmo Ramírez,541640,2022,66,37,59,77,68,62,86,45,64,15,97,17,66,20,65,62
Adrian Sampson,592716,2022,27,14,22,34,37,38,62,63,67,14,75,15,27,24,13,
Ryan Feltner,663372,2022,12,19,10,6,24,32,31,18,15,27,45,12,12,61,74,59
Kyle Bradish,680694,2022,24,29,32,40,20,26,39,15,24,42,33,30,24,70,64,54
Bryse Wilson,669060,2022,3,1,4,13,8,21,41,4,11,7,75,3,3,33,6,28
Chris Flexen,623167,2022,19,24,18,18,27,7,19,32,30,9,40,19,19,9,47,76
Robbie Ray,592662,2022,61,67,54,40,67,8,38,18,39,78,48,80,61,48,52,6
Trevor Kelley,665001,2022,,,,,,,,,,,,,,10,44,59
Heath Hembree,592390,2022,,,,,,,,,,,,,,61,70,
Steven Wilson,621051,2022,87,96,90,72,85,78,50,71,70,64,30,70,87,74,81,
Yunior Marte,628708,2022,52,50,85,95,16,97,97,84,56,35,17,57,52,94,80,
José Alvarado,621237,2022,94,94,97,96,78,92,66,78,78,98,11,98,94,93,25,
Alex Wood,622072,2022,43,36,36,40,52,26,52,47,30,55,87,45,43,34,10,
Alek Manoah,666201,2022,71,66,75,77,69,23,80,73,92,50,70,43,71,52,65,
Wade Miley,489119,2022,,,,,,,,,,,,,,1,60,
Jason Adam,592094,2022,99,99,99,93,98,92,84,97,99,92,57,98,99,71,100,
Corbin Burnes,669203,2022,81,79,79,72,83,24,76,78,78,89,72,95,81,75,99,85
Anthony Castro,621593,2022,,,,,,,,,,,,,,73,86,
Eduard Bazardo,660825,2022,,,,,,,,,,,,,,58,14,
Cody Stashak,664054,2022,,,,,,,,,,,,,,15,38,
Vladimir Gutierrez,661269,2022,,,,,,,,,,,,,,39,25,60
Spencer Howard,675921,2022,,,,,,,,,,,,,,12,28,2
Craig Kimbrel,518886,2022,64,85,70,48,52,58,19,5,11,79,13,74,64,83,57,58
Aaron Loup,571901,2022,29,23,45,67,11,78,77,61,78,29,40,39,29,4,42,
Kenley Jansen,445276,2022,97,98,93,72,97,72,48,80,88,93,40,62,97,36,95,
Mychal Givens,571710,2022,57,65,55,46,41,62,33,71,50,77,25,61,57,48,90,
Clay Holmes,605280,2022,96,94,99,99,80,99,100,35,11,65,51,77,96,93,41,
Mike Clevinger,605182,2022,18,37,15,10,34,16,15,56,39,23,57,39,18,28,71,18
Keegan Thompson,624522,2022,25,46,28,20,29,24,27,35,39,45,34,41,25,34,89,64
Corbin Martin,656686,2022,,,,,,,,,,,,,,58,66,44
Jeff Brigham,656257,2022,,,,,,,,,,,,,,66,61,
Calvin Faucher,676534,2022,,,,,,,,,,,,,,77,56,94
Zach Jackson,667427,2022,,,,,,,,,,,,,,66,21,
Phil Maton,664208,2022,31,40,47,56,18,72,69,97,98,69,30,80,31,16,93,97
Hunter Greene,668881,2022,43,71,40,18,52,23,16,18,30,91,33,88,43,99,81,
Anthony DeSclafani,543101,2022,,,,,,,,,,,,,,33,25,
Ashton Goudeau,623485,2022,,,,,,,,,,,,,,34,12,27
Kyle Wright,657140,2022,48,43,46,53,47,13,60,35,23,55,57,57,48,70,70,82
Ralph Garza Jr.,621248,2022,,,,,,,,,,,,,,6,39,
Matt Swarmer,664161,2022,,,,,,,,,,,,,,14,6,
Chris Martin,455119,2022,94,79,73,59,99,68,31,56,18,94,100,54,94,55,30,
Nick Nelson,656793,2022,58,69,85,89,31,92,96,71,88,47,6,71,58,88,4,
Kutter Crawford,676710,2022,19,29,15,11,31,41,24,18,42,50,38,52,19,26,90,23
James Kaprielian,621076,2022,18,27,26,27,18,16,36,52,62,13,17,15,18,58,7,50
Chad Green,643338,2022,,,,,,,,,,,,,,68,88,48
Connor Overton,656818,2022,,,,,,,,,,,,,,17,32,38
Kevin Ginkel,656464,2022,,,,,,,,,,,,,,89,78,
David Price,456034,2022,,,,,,,,,,,,,,21,1,
Yohan Ramirez,670990,2022,,,,,,,,,,,,,,78,48,
Jack Flaherty,656427,2022,,,,,,,,,,,,,,39,53,35
Andrés Muñoz,662253,2022,100,99,99,99,99,92,81,92,64,99,79,99,100,100,63,
Bryan Abreu,650556,2022,83,90,97,99,63,97,95,87,89,97,15,98,83,94,69,95
George Kirby,669923,2022,71,55,51,46,86,13,22,28,44,63,96,15,71,58,36,12
José Quintana,500779,2022,50,23,52,76,43,26,78,89,68,31,61,33,50,21,13,21
Norge Ruiz,650204,2022,,,,,,,,,,,,,,43,52,
Connor Brogdon,641401,2022,,,,,,,,,,,,,,29,74,
Stephen Nogosek,668665,2022,,,,,,,,,,,,,,34,57,
Zack Littell,641793,2022,,,,,,,,,,,,,,66,23,
Emmanuel Clase,661403,2022,99,90,98,99,99,99,99,91,90,83,98,80,99,100,100,
A.J. Minter,621345,2022,96,96,90,75,98,58,24,55,79,96,86,90,96,61,95,
Alex Lange,656638,2022,74,87,89,86,46,87,83,93,67,87,9,100,74,87,45,13
Yu Darvish,506433,2022,66,63,44,28,83,3,24,49,58,68,91,46,66,15,98,73
Rowan Wick,592858,2022,6,4,7,14,7,41,8,49,29,54,23,29,6,64,53,68
Eduardo Rodriguez,593958,2022,34,35,35,39,34,41,52,73,66,21,38,4,34,16,32,
Zack Kelly,677161,2022,,,,,,,,,,,,,,68,26,
Kyle Muller,666205,2022,,,,,,,,,,,,,,61,84,
Reiss Knehr,663753,2022,,,,,,,,,,,,,,39,82,
Luke Bard,572703,2022,,,,,,,,,,,,,,35,99,
Tayler Scott,605463,2022,,,,,,,,,,,,,,53,45,
Kodi Whitley,676831,2022,,,,,,,,,,,,,,48,49,
Colin Holderman,670059,2022,,,,,,,,,,,,,,75,41,
Jake Woodford,663765,2022,,,,,,,,,,,,,,29,16,58
Clarke Schmidt,657376,2022,64,69,63,56,52,55,12,32,55,57,25,59,64,71,93,93
Freddy Peralta,642547,2022,90,92,92,85,88,92,97,80,93,76,40,78,90,36,78,5
Kyle Hendricks,543294,2022,10,11,5,6,26,30,10,73,42,22,65,34,10,1,3,96
Chris Archer,502042,2022,14,19,30,40,8,30,27,23,9,25,11,37,14,42,33,45
Gerrit Cole,543037,2022,71,76,47,22,89,3,15,25,29,92,75,92,71,93,91,86
Duane Underwood Jr.,621249,2022,37,24,68,92,12,95,97,65,66,44,25,62,37,61,21,37
Luis García,472610,2022,87,73,92,98,75,92,93,35,45,72,68,79,87,98,26,
Adrián Martínez,661309,2022,5,6,3,4,18,44,8,32,54,33,55,35,5,55,29,
Carlos Carrasco,471911,2022,39,29,32,38,45,20,56,52,32,55,72,65,39,41,54,75
Merrill Kelly,518876,2022,60,59,47,37,68,2,31,49,62,44,52,30,60,29,69,59
Adrian Morejon,670970,2022,,,,,,,,,,,,,,92,96,58
Huascar Brazoban,623211,2022,,,,,,,,,,,,,,25,68,
Packy Naughton,676050,2022,,,,,,,,,,,,,,37,11,
Dylan Lee,669276,2022,,,,,,,,,,,,,,29,56,
Mark Leiter Jr.,643410,2022,46,57,51,44,36,72,70,78,76,70,34,72,46,12,4,22
Nick Martinez,607259,2022,52,55,55,53,43,32,35,89,59,39,30,50,52,26,78,68
Austin Gomber,596295,2022,20,13,14,19,37,13,29,59,67,19,72,20,20,18,29,51
Caleb Kilian,668873,2022,,,,,,,,,,,,,,37,17,
Tyson Miller,668338,2022,,,,,,,,,,,,,,19,15,
Nick Vespi,663989,2022,,,,,,,,,,,,,,4,58,39
Yerry De Los Santos,660787,2022,,,,,,,,,,,,,,77,39,
Austin Pruitt,643493,2022,45,45,20,13,81,49,12,61,78,13,97,43,45,22,57,93
Ryne Stanek,592773,2022,77,91,89,83,52,97,95,39,22,79,1,94,77,97,67,
Wil Crowe,640444,2022,34,36,60,80,13,72,86,71,87,33,9,64,34,70,79,
Antonio Senzatela,622608,2022,8,1,13,58,5,55,90,15,18,1,83,1,8,60,22,15
Michael Kopech,656629,2022,45,74,54,31,43,23,24,15,18,40,8,37,45,72,98,36
Chris Bassitt,605135,2022,68,61,63,62,68,13,63,95,87,46,68,30,68,26,32,29
Andrew Nardi,677053,2022,,,,,,,,,,,,,,63,66,
Jordan Weems,607179,2022,,,,,,,,,,,,,,91,23,
Javier Assad,665871,2022,,,,,,,,,,,,,,19,18,
Phil Bickford,641360,2022,68,80,33,7,90,44,3,41,74,76,82,46,68,60,80,
Tanner Houck,656557,2022,50,46,67,82,23,87,86,18,36,49,34,74,50,71,15,
Yimi Garcia,554340,2022,85,82,78,64,86,72,66,89,85,54,70,36,85,68,88,79
Robert Stephenson,596112,2022,15,13,4,4,45,51,19,6,17,45,82,69,15,91,85,
Mark Melancon,453343,2022,15,4,21,50,8,62,60,18,42,3,40,13,15,17,59,66
Spenser Watkins,657093,2022,10,3,10,23,15,30,50,13,53,2,70,10,10,8,75,63
Brady Singer,663903,2022,44,37,37,40,55,12,33,28,24,61,83,26,44,53,65,
Yency Almonte,622075,2022,,,,,,,,,,,,,,83,25,
Anthony Banda,607455,2022,,,,,,,,,,,,,,63,17,3
Joey Wentz,666214,2022,,,,,,,,,,,,,,9,61,25
Trent Thornton,663423,2022,,,,,,,,,,,,,,53,89,98
Shawn Armstrong,542888,2022,75,63,66,65,71,58,41,75,83,62,65,56,75,66,64,
Rafael Montero,606160,2022,90,85,94,96,80,97,99,91,88,75,40,70,90,87,66,
Jarlín García,606424,2022,31,37,15,10,57,39,6,41,20,35,65,43,31,55,40,
Danny Coulombe,543056,2022,,,,,,,,,,,,,,20,83,
Matthew Boyd,571510,2022,,,,,,,,,,,,,,28,94,
Drew VerHagen,572403,2022,,,,,,,,,,,,,,68,81,16
Louie Varland,686973,2022,,,,,,,,,,,,,,35,44,
Brett Martin,656685,2022,52,29,49,65,36,87,83,23,31,23,40,41,52,50,37,20
Chase De Jong,608328,2022,48,76,46,20,49,49,27,52,34,29,17,45,48,39,88,61
Adam Cimber,643256,2022,58,32,57,78,52,72,84,32,43,28,94,12,58,1,29,
Sergio Romo,489265,2022,,,,,,,,,,,,,,1,30,
Adam Kolarek,592473,2022,,,,,,,,,,,,,,4,31,
Casey Lawrence,596271,2022,,,,,,,,,,,,,,12,42,
Jackson Stephens,623451,2022,50,36,63,82,20,87,86,82,90,29,24,22,50,60,7,96
Carlos Estévez,608032,2022,35,49,34,26,36,68,43,22,42,50,24,20,35,95,49,
Edwin Díaz,621242,2022,100,100,100,100,99,99,93,96,49,100,51,100,100,99,78,
Liam Hendriks,521230,2022,93,96,88,61,96,68,18,7,34,98,63,99,93,95,86,14
Giovanny Gallegos,606149,2022,84,92,68,30,94,62,19,16,70,91,51,94,84,63,84,
Josh Winckowski,670174,2022,13,9,17,27,16,34,10,23,4,3,40,2,13,42,15,
Jaime Barría,642545,2022,37,45,20,13,64,34,9,55,68,14,79,27,37,26,42,
Wyatt Mills,670090,2022,,,,,,,,,,,,,,23,3,
Chase Silseth,681217,2022,,,,,,,,,,,,,,75,74,
Jared Koenig,657649,2022,,,,,,,,,,,,,,3,24,15
Craig Stammen,489334,2022,,,,,,,,,,,,,,12,49,28
Cristopher Sánchez,650911,2022,,,,,,,,,,,,,,42,11,
Konnor Pilkington,663455,2022,14,41,31,28,9,39,3,31,8,25,5,67,14,29,43,12
Adam Ottavino,493603,2022,97,92,96,96,93,97,97,99,97,89,77,78,97,53,68,
Jordan Romano,605447,2022,71,67,72,71,61,72,57,8,4,83,46,82,71,92,63,
Jesús Luzardo,666200,2022,69,73,69,60,69,51,63,35,39,87,36,88,69,85,35,29
Luis Garcia,677651,2022,61,61,46,34,75,13,39,52,63,62,55,73,61,12,84,65
Travis Lakins Sr.,664042,2022,,,,,,,,,,,,,,43,67,
Matt Gage,657424,2022,,,,,,,,,,,,,,11,30,
Justin Bruihl,677865,2022,,,,,,,,,,,,,,2,52,
Cody Morris,663752,2022,,,,,,,,,,,,,,26,91,
Josh Sborz,622250,2022,,,,,,,,,,,,,,93,75,22
Tyler Kinley,641755,2022,,,,,,,,,,,,,,77,51,
Mason Thompson,666168,2022,,,,,,,,,,,,,,83,53,
Tylor Megill,656731,2022,,,,,,,,,,,,,,78,33,
Michael Pineda,501381,2022,,,,,,,,,,,,,,10,2,
A.J. Puk,640462,2022,57,69,65,58,40,55,24,83,71,75,45,72,57,90,55,
Trevor Richards,670950,2022,19,53,23,13,19,47,4,25,36,85,4,95,19,48,44,7
Frankie Montas,593423,2022,41,45,38,35,52,16,36,71,78,53,59,65,41,72,70,
Josiah Gray,680686,2022,32,72,24,5,47,3,6,75,60,57,17,61,32,64,44,49
Tanner Rainey,663432,2022,,,,,,,,,,,,,,93,91,
Taijuan Walker,592836,2022,45,41,38,40,52,13,48,28,26,32,61,30,45,39,25,16
Jose Alvarez,501625,2022,,,,,,,,,,,,,,16,10,
Mike Mayers,594577,2022,7,16,2,1,23,41,1,2,1,31,46,55,7,37,63,
Wandy Peralta,593974,2022,91,82,94,98,83,92,91,96,92,38,52,92,91,78,37,
Matt Moore,519043,2022,87,94,94,89,69,87,91,69,93,77,4,85,87,56,84,41
Michael Lorenzen,547179,2022,46,55,62,65,31,44,60,59,58,35,13,48,46,50,82,
Erick Fedde,607200,2022,5,3,10,23,4,13,35,23,12,10,20,5,5,20,5,34
Triston McKenzie,663474,2022,64,69,37,17,83,2,11,10,26,68,81,60,64,35,69,14
Cole Irvin,608344,2022,27,21,10,8,59,1,14,25,32,15,89,12,27,12,4,6
Art Warren,605521,2022,,,,,,,,,,,,,,50,52,
Dillon Peters,596071,2022,,,,,,,,,,,,,,37,50,93
Raisel Iglesias,628452,2022,80,76,63,45,87,51,7,77,81,92,82,93,80,72,70,
Andre Pallante,669467,2022,53,27,69,93,27,72,97,25,17,9,36,3,53,75,41,90
Sean Manaea,640455,2022,40,47,31,23,57,5,18,8,14,51,53,51,40,20,7,
Dane Dunning,641540,2022,24,34,35,40,20,6,22,63,50,32,30,40,24,6,10,
Kenny Rosenberg,670046,2022,,,,,,,,,,,,,,15,14,
Xzavion Curry,675540,2022,,,,,,,,,,,,,,29,45,
Tommy Hunter,488984,2022,,,,,,,,,,,,,,32,87,
Darren O'Day,503285,2022,,,,,,,,,,,,,,1,78,
Jake Diekman,518617,2022,32,82,70,53,5,78,52,16,36,85,1,90,32,80,53,
Davis Martin,663436,2022,17,12,18,26,22,58,52,32,49,18,59,37,17,58,79,71
Tyler Mahle,641816,2022,66,76,65,48,71,32,44,45,47,65,40,60,66,24,69,
Drew Rasmussen,656876,2022,68,50,54,56,77,24,63,39,37,40,88,49,68,43,95,79
Jimmy Yacabonis,642231,2022,,,,,,,,,,,,,,53,49,
Edwin Uceta,670955,2022,,,,,,,,,,,,,,50,76,64
Joe Barlow,669618,2022,,,,,,,,,,,,,,68,74,
Tyler Gilbert,656457,2022,,,,,,,,,,,,,,3,24,51
Ken Waldichuk,686610,2022,,,,,,,,,,,,,,60,75,
Jake Bird,656234,2022,15,26,28,31,6,82,69,2,17,28,12,13,15,56,13,89
Jesse Chavez,445926,2022,30,16,27,38,36,51,35,12,3,67,63,41,30,9,26,
Aníbal Sánchez,434671,2022,18,34,29,27,11,51,41,49,57,10,10,9,18,4,10,2
Dillon Tate,622253,2022,79,63,78,84,73,72,81,80,47,33,86,28,79,58,4,
Jeffrey Springs,605488,2022,75,57,60,60,81,38,75,73,52,71,83,76,75,22,54,
Jordan Lyles,543475,2022,11,13,10,12,27,1,7,47,43,22,65,20,11,19,35,41
Aaron Bummer,607481,2022,,,,,,,,,,,,,,50,17,
Shane Baz,669358,2022,,,,,,,,,,,,,,85,91,84
Cionel Pérez,672335,2022,60,52,62,71,49,78,68,32,32,54,33,62,60,91,42,
Dylan Bundy,605164,2022,29,16,14,15,60,5,22,39,47,8,93,15,29,7,73,10
Angel Zerpa,672582,2022,,,,,,,,,,,,,,58,17,
Josh Staumont,622251,2022,,,,,,,,,,,,,,89,50,78
Matt Wisler,605538,2022,,,,,,,,,,,,,,9,3,
Matt Barnes,598264,2022,,,,,,,,,,,,,,73,52,4
John Schreiber,670167,2022,94,95,96,92,91,87,86,78,34,84,54,89,94,56,42,
Zach Logue,656657,2022,1,8,1,1,18,34,2,23,15,10,49,18,1,5,14,40
Luke Farrell,608652,2022,,,,,,,,,,,,,,19,73,
Austin Warren,681810,2022,,,,,,,,,,,,,,52,67,
Tim Hill,657612,2022,,,,,,,,,,,,,,11,19,
Buck Farmer,571656,2022,,,,,,,,,,,,,,68,71,
Michael King,650633,2022,,,,,,,,,,,,,,84,86,
Nabil Crismatt,622503,2022,66,54,69,80,57,78,83,69,64,51,48,59,66,12,25,17
Aaron Nola,605400,2022,90,80,77,65,97,9,52,69,92,85,99,68,90,26,57,67
Ryan Borucki,621366,2022,,,,,,,,,,,,,,74,37,
Trevor May,543507,2022,,,,,,,,,,,,,,87,65,
Hansel Robles,570663,2022,,,,,,,,,,,,,,85,67,
Matt Brash,666374,2022,23,37,67,86,1,95,88,41,37,80,1,87,23,92,47,95
John King,667463,2022,34,4,32,69,24,72,70,5,9,1,75,10,34,23,20,
Richard Bleier,542947,2022,53,8,39,75,47,87,90,22,25,4,94,7,53,7,9,
Diego Castillo,650895,2022,83,88,86,77,71,72,43,90,95,59,23,59,83,75,6,
Dominic Leone,608678,2022,56,50,55,60,33,82,70,15,23,53,13,96,56,55,79,
Manny Bañuelos,544365,2022,,,,,,,,,,,,,,52,2,47
Dallas Keuchel,572971,2022,4,1,7,20,2,41,24,41,37,5,17,24,4,2,8,
Brock Burke,656271,2022,71,72,62,49,78,55,52,47,37,78,55,43,71,72,58,
Collin Wiles,621079,2022,,,,,,,,,,,,,,5,28,
Javy Guerra,642770,2022,,,,,,,,,,,,,,95,36,
Taylor Widener,642203,2022,,,,,,,,,,,,,,56,40,
Jackson Kowar,663804,2022,,,,,,,,,,,,,,83,55,
Jovani Moran,663558,2022,,,,,,,,,,,,,,48,45,
Caleb Thielbar,573204,2022,94,92,89,81,95,78,60,99,100,93,55,80,94,39,65,45
Daniel Bard,453268,2022,95,97,99,96,85,92,89,69,52,82,17,64,95,97,97,
Colin Poche,621363,2022,64,75,60,40,71,58,22,94,94,70,33,69,64,45,46,62
Sam Hentges,656529,2022,88,84,91,92,80,87,81,41,71,85,49,75,88,81,38,53
Mike Minor,501985,2022,20,24,20,21,20,24,30,56,73,11,36,11,20,12,94,42
Ross Stripling,548389,2022,63,33,38,48,78,10,18,39,57,35,98,29,63,22,18,33
Chad Kuhl,641771,2022,7,9,5,6,10,5,12,7,9,18,28,30,7,39,23,91
Brad Keller,641745,2022,28,24,32,43,24,21,63,28,21,11,30,18,28,60,70,
Thomas Szapucki,663378,2022,,,,,,,,,,,,,,75,27,74
JoJo Romero,668941,2022,,,,,,,,,,,,,,75,32,
Chris Devenski,606965,2022,,,,,,,,,,,,,,63,34,
Nick Wittgren,621295,2022,,,,,,,,,,,,,,12,19,
Kaleb Ort,672391,2022,,,,,,,,,,,,,,88,34,
Sean Newcomb,656794,2022,,,,,,,,,,,,,,29,93,87
Sam Moll,594580,2022,,,,,,,,,,,,,,47,97,
Drew Smith,622098,2022,,,,,,,,,,,,,,81,96,
Víctor Arano,644364,2022,,,,,,,,,,,,,,58,27,
Lucas Gilbreath,656458,2022,,,,,,,,,,,,,,55,82,
Brad Boxberger,502202,2022,69,80,69,54,61,72,68,90,81,67,20,40,69,37,84,
Kyle Finnegan,640448,2022,74,69,60,50,75,58,36,10,11,70,45,66,74,93,12,
Brayan Bello,678394,2022,52,37,73,90,24,78,80,61,54,33,20,55,52,89,27,
Beau Brieske,689225,2022,3,2,2,4,13,26,7,31,22,8,54,4,3,61,83,
José Cisnero,542585,2022,,,,,,,,,,,,,,77,79,
David Bednar,670280,2022,76,66,70,71,71,82,48,7,4,94,52,92,76,89,65,42
Kirby Snead,669912,2022,26,19,34,52,12,78,63,65,47,11,15,10,26,48,90,
Bryan Baker,641329,2022,76,65,87,94,55,82,88,16,21,70,34,62,76,48,80,
Edward Cabrera,665795,2022,40,82,59,34,27,55,27,85,83,69,10,86,40,85,61,41
Corey Kluber,446372,2022,43,19,26,35,65,11,57,80,75,31,99,34,43,2,64,56
Julio Urías,628711,2022,88,85,81,67,92,18,62,85,96,60,79,32,88,43,97,94
Cal Quantrill,615698,2022,30,21,26,31,41,4,44,71,69,11,78,5,30,22,30,43
Hunter Harvey,640451,2022,,,,,,,,,,,,,,97,9,
Zach Pop,647315,2022,,,,,,,,,,,,,,89,12,
Evan Phillips,623465,2022,98,98,98,94,98,95,92,93,93,94,72,80,98,71,69,
Justin Steele,657006,2022,61,52,80,91,37,62,95,80,82,64,24,35,61,29,95,52
Lance Lynn,458681,2022,60,43,45,48,73,34,62,52,44,61,98,71,60,23,94,51
Dean Kremer,665152,2022,25,15,22,32,32,24,48,52,37,13,68,23,25,17,73,79
DL Hall,669084,2022,,,,,,,,,,,,,,87,51,
Fernando Cruz,518585,2022,,,,,,,,,,,,,,63,56,
Jeremy Beasley,676886,2022,,,,,,,,,,,,,,78,92,
Robert Gsellman,607229,2022,,,,,,,,,,,,,,36,2,
Pierce Johnson,572955,2022,,,,,,,,,,,,,,71,32,92
T.J. Zeuch,643615,2022,,,,,,,,,,,,,,12,21,
Eli Morgan,669212,2022,85,89,68,36,96,55,22,65,73,82,88,58,85,29,59,
Reiver Sanmartin,665665,2022,48,60,52,44,37,62,50,94,69,21,10,51,48,15,43,
Jason Foley,671345,2022,60,16,58,88,59,82,90,5,15,12,95,1,60,88,11,
Carl Edwards Jr.,605218,2022,71,78,77,67,67,87,89,69,69,43,24,40,71,68,97,8
Tarik Skubal,669373,2022,71,57,66,69,75,47,78,28,34,63,65,58,71,64,19,18
Trevor Rogers,669432,2022,13,16,20,27,13,34,44,52,55,45,28,53,13,68,90,
Chi Chi González,592346,2022,,,,,,,,,,,,,,34,49,
Beau Sulser,676641,2022,,,,,,,,,,,,,,18,76,
Brad Hand,543272,2022,,,,,,,,,,,,,,35,72,
José Leclerc,600917,2022,,,,,,,,,,,,,,78,100,
Chris Stratton,608717,2022,36,24,43,60,24,72,76,18,23,41,33,57,36,39,99,99
Austin Voth,608723,2022,27,24,23,25,41,26,29,52,57,32,60,43,27,29,84,96
Joe Ryan,657746,2022,63,75,54,32,71,13,27,56,70,65,49,52,63,28,38,32
Adam Wainwright,425794,2022,23,11,24,44,26,8,66,65,61,18,65,1,23,2,63,86
Kyle Nelson,669459,2022,,,,,,,,,,,,,,26,26,
Collin Snider,676092,2022,,,,,,,,,,,,,,85,90,
Hirokazu Sawamura,617228,2022,30,32,41,53,13,72,52,39,8,20,5,48,30,84,19,
Steven Okert,595345,2022,76,92,93,88,41,92,77,84,98,84,6,76,76,53,48,
Caleb Smith,592761,2022,50,80,59,34,37,62,63,94,97,41,2,72,50,26,91,
Aaron Civale,650644,2022,52,40,40,45,61,39,44,47,28,60,87,39,52,5,94,95
Sonny Gray,543243,2022,57,47,59,69,52,47,78,59,30,60,54,20,57,16,98,89
Marcus Stroman,573186,2022,45,27,43,58,50,26,63,35,26,38,75,25,45,22,77,
Max Fried,608331,2022,87,63,83,89,89,39,94,92,90,51,94,55,87,56,19,84
Bryan Hoeing,663773,2022,,,,,,,,,,,,,,43,5,
Paul Fry,643316,2022,,,,,,,,,,,,,,23,70,
Ross Detwiler,446321,2022,,,,,,,,,,,,,,7,28,
J.B. Wendelken,605525,2022,,,,,,,,,,,,,,72,87,
Joe Smith,501925,2022,,,,,,,,,,,,,,1,4,
Erich Uelmen,657272,2022,,,,,,,,,,,,,,50,14,
Jake McGee,459429,2022,,,,,,,,,,,,,,64,14,
Matt Bush,456713,2022,92,94,87,62,94,87,80,8,31,87,54,78,92,87,98,49
Alex Faedo,656412,2022,3,6,6,11,5,49,11,3,39,19,17,37,3,37,35,
Joey Krehbiel,607216,2022,39,41,29,24,49,62,48,84,82,21,54,23,39,16,67,
Trevor Williams,592866,2022,57,57,40,28,71,41,41,65,57,48,77,32,57,16,35,21
Jake Odorizzi,543606,2022,37,26,36,49,37,34,48,65,85,24,51,23,37,16,22,15
Nestor Cortes,641482,2022,90,85,86,81,94,38,81,63,75,73,77,40,90,10,68,
Luis Castillo,622491,2022,71,67,74,76,68,26,57,35,53,76,55,67,71,93,60,
Chris Paddack,663978,2022,,,,,,,,,,,,,,42,38,11
Trevor Gott,641627,2022,,,,,,,,,,,,,,55,35,5
Trevor Stephan,663986,2022,97,91,97,98,91,97,98,73,77,90,65,96,97,89,95,
Adam Oller,670124,2022,2,15,3,2,6,32,9,10,17,2,8,15,2,28,36,4
T.J. McFarland,519008,2022,,,,,,,,,,,,,,5,2,
Cole Sands,663485,2022,,,,,,,,,,,,,,15,50,88
Dany Jiménez,666204,2022,,,,,,,,,,,,,,56,42,
Scott Barlow,605130,2022,83,88,79,58,86,62,57,90,96,74,52,89,83,52,86,52
Griffin Jax,643377,2022,78,71,68,61,78,62,57,59,59,74,61,77,78,78,86,
Graham Ashcraft,668933,2022,41,16,53,83,29,49,88,83,63,6,70,6,41,94,72,
Drew Hutchison,571800,2022,5,7,8,12,8,20,24,8,24,5,32,11,5,35,58,
Logan Gilbert,669302,2022,37,29,31,35,47,9,52,3,5,49,72,37,37,87,23,8
Kyle Freeland,607536,2022,9,10,9,12,16,1,12,16,16,14,61,13,9,11,82,43
Sam Coonrod,656322,2022,,,,,,,,,,,,,,90,23,
Miguel Sánchez,667376,2022,,,,,,,,,,,,,,61,25,
Alex Young,622065,2022,,,,,,,,,,,,,,11,71,26
Ian Kennedy,453178,2022,1,2,1,1,2,41,2,1,7,24,27,8,1,45,92,60
Ryan Tepera,572193,2022,76,74,70,62,67,82,78,75,99,32,40,83,76,37,42,
Zach Eflin,621107,2022,75,63,60,56,81,58,73,96,94,37,91,22,75,32,17,33
Tyler Thornburg,592804,2022,,,,,,,,,,,,,,50,87,70
Kolby Allard,663465,2022,,,,,,,,,,,,,,7,20,
Pete Fairbanks,664126,2022,,,,,,,,,,,,,,99,96,
Ronald Bolaños,671790,2022,,,,,,,,,,,,,,43,40,
Cole Ragans,666142,2022,,,,,,,,,,,,,,19,87,
Luke Weaver,596133,2022,,,,,,,,,,,,,,70,82,
Dennis Santana,642701,2022,48,41,76,93,15,87,89,87,85,39,11,64,48,91,92,
Joel Kuhnel,669270,2022,53,50,41,36,64,62,50,12,32,44,86,48,53,87,47,
Alexis Díaz,664747,2022,89,99,96,76,73,78,44,85,85,93,2,97,89,81,100,
Aaron Ashby,676879,2022,55,69,65,58,45,41,60,80,78,73,23,75,55,80,17,67
Tyler Anderson,542881,2022,80,66,69,72,85,30,86,98,98,26,91,37,80,6,64,
Jeff Hoffman,656546,2022,,,,,,,,,,,,,,61,93,
Brusdar Graterol,660813,2022,,,,,,,,,,,,,,97,27,
Elieser Hernandez,622694,2022,14,55,3,1,50,32,1,25,67,41,48,45,14,23,17,
Mitch White,669952,2022,36,20,47,72,27,47,77,63,79,17,48,7,36,53,57,38
Jon Gray,592351,2022,61,59,58,56,63,39,73,61,50,69,53,55,61,84,8,67
Kyle Gibson,502043,2022,25,18,23,32,33,8,44,49,54,29,65,46,25,17,49,47
Tyler Cyr,664202,2022,,,,,,,,,,,,,,45,33,
Eric Stout,657770,2022,,,,,,,,,,,,,,29,54,
Adonis Medina,658431,2022,,,,,,,,,,,,,,47,68,
Dylan Floro,571670,2022,81,57,74,84,76,87,84,75,88,42,63,20,81,35,27,
Damon Jones,676103,2022,,,,,,,,,,,,,,41,48,
Shelby Miller,571946,2022,,,,,,,,,,,,,,64,75,
Tyler Glasnow,607192,2022,,,,,,,,,,,,,,95,93,
Marcos Diplán,650959,2022,,,,,,,,,,,,,,42,60,
Jeremiah Estrada,669093,2022,,,,,,,,,,,,,,90,58,
Sam Clay,621348,2022,,,,,,,,,,,,,,26,8,
Tyler Clippard,461325,2022,,,,,,,,,,,,,,2,34,
Cole Waites,686972,2022,,,,,,,,,,,,,,85,58,
Ethan Small,663629,2022,,,,,,,,,,,,,,18,40,
Parker Mushinski,656786,2022,,,,,,,,,,,,,,7,95,
Jake Brentz,641394,2022,,,,,,,,,,,,,,83,45,
Austin Brice,592169,2022,,,,,,,,,,,,,,55,26,85
Anderson Severino,644429,2022,,,,,,,,,,,,,,87,4,
Lucas Sims,608371,2022,,,,,,,,,,,,,,50,95,
Arodys Vizcaíno,527055,2022,,,,,,,,,,,,,,95,51,
Spencer Patton,607359,2022,,,,,,,,,,,,,,29,6,
Gavin Hollowell,668970,2022,,,,,,,,,,,,,,42,98,
Ronel Blanco,669854,2022,,,,,,,,,,,,,,75,62,
Ryan Hendrix,641682,2022,,,,,,,,,,,,,,64,20,
Andrew Vasquez,607755,2022,,,,,,,,,,,,,,,,63
Kirby Yates,489446,2022,,,,,,,,,,,,,,48,73,
Yonny Chirinos,630023,2022,,,,,,,,,,,,,,48,20,
Tanner Tully,668684,2022,,,,,,,,,,,,,,17,1,
Patrick Murphy,641907,2022,,,,,,,,,,,,,,80,39,
Phillip Diehl,670426,2022,,,,,,,,,,,,,,20,76,
Ethan Roberts,681799,2022,,,,,,,,,,,,,,45,99,
Chris Mazza,607391,2022,,,,,,,,,,,,,,1,11,
Foster Griffin,656492,2022,,,,,,,,,,,,,,14,29,
Janson Junk,676083,2022,,,,,,,,,,,,,,35,83,
Huascar Ynoa,660623,2022,,,,,,,,,,,,,,89,8,
A.J. Alexy,669935,2022,,,,,,,,,,,,,,61,24,
Daniel Mengden,596043,2022,,,,,,,,,,,,,,9,32,
Jared Solomon,676660,2022,,,,,,,,,,,,,,80,55,
Darwinzon Hernandez,650382,2022,,,,,,,,,,,,,,63,79,
Luis Ortiz,656814,2022,,,,,,,,,,,,,,66,12,
Kyle Barraclough,607457,2022,,,,,,,,,,,,,,34,88,
Zac Lowther,675912,2022,,,,,,,,,,,,,,15,46,
Danny Young,664849,2022,,,,,,,,,,,,,,5,51,
Steven Brault,643230,2022,,,,,,,,,,,,,,18,12,
John Means,607644,2022,,,,,,,,,,,,,,24,84,
Drew Carlton,656290,2022,,,,,,,,,,,,,,19,3,
David McKay,641853,2022,,,,,,,,,,,,,,29,9,
Jose Marte,665896,2022,,,,,,,,,,,,,,42,85,
Kevin Herget,643361,2022,,,,,,,,,,,,,,3,29,
Cam Vieaux,664944,2022,,,,,,,,,,,,,,43,54,
Juan Minaya,573668,2022,,,,,,,,,,,,,,56,43,
Logan Allen,663531,2022,,,,,,,,,,,,,,14,6,
Denyi Reyes,660593,2022,,,,,,,,,,,,,,39,21,
Justin Topa,623437,2022,,,,,,,,,,,,,,80,30,
Ryan Burr,621114,2022,,,,,,,,,,,,,,23,36,
Jesus Cruz,672911,2022,,,,,,,,,,,,,,72,31,
Evan Lee,681885,2022,,,,,,,,,,,,,,28,85,81
Jake Cousins,664776,2022,,,,,,,,,,,,,,81,56,
Tommy Romero,676720,2022,,,,,,,,,,,,,,11,3,
Sean Reid-Foley,656887,2022,,,,,,,,,,,,,,83,55,
Adbert Alzolay,640470,2022,,,,,,,,,,,,,,53,83,
Tyler Holton,663947,2022,,,,,,,,,,,,,,8,39,
Greg Weissert,669711,2022,,,,,,,,,,,,,,71,21,
James Naile,664942,2022,,,,,,,,,,,,,,18,1,
Zack Weiss,592848,2022,,,,,,,,,,,,,,64,91,
Rico Garcia,670329,2022,,,,,,,,,,,,,,80,83,
Mark Appel,571446,2022,,,,,,,,,,,,,,73,1,
Hunter Gaddis,683769,2022,,,,,,,,,,,,,,20,33,
Francisco Perez,660906,2022,,,,,,,,,,,,,,45,12,
